Series Name,Series Code,Country Name,Country Code,1990 [YR1990],2000 [YR2000],2010 [YR2010],2011 [YR2011],2012 [YR2012],2013 [YR2013],2014 [YR2014],2015 [YR2015],2016 [YR2016],2017 [YR2017],2018 [YR2018],2019 [YR2019]
"Death rate, crude (per 1,000 people)",SP.DYN.CDRT.IN,Afghanistan,AFG,15.241,11.718,8.25,7.936,7.645,7.38,7.141,6.929,6.742,6.575,..,..
"Death rate, crude (per 1,000 people)",SP.DYN.CDRT.IN,Albania,ALB,5.985,5.914,6.841,6.915,6.996,7.096,7.219,7.367,7.534,7.714,..,..
"Death rate, crude (per 1,000 people)",SP.DYN.CDRT.IN,Algeria,DZA,6.207,4.961,4.656,4.67,4.685,4.699,4.709,4.715,4.717,4.717,..,..
"Death rate, crude (per 1,000 people)",SP.DYN.CDRT.IN,American Samoa,ASM,..,..,..,..,..,..,4.2,..,..,..,..,..
"Death rate, crude (per 1,000 people)",SP.DYN.CDRT.IN,Andorra,AND,..,..,2.8,..,3.9,..,..,..,4.3,..,..,..
"Death rate, crude (per 1,000 people)",SP.DYN.CDRT.IN,Angola,AGO,19.555,18.036,11.68,11.039,10.451,9.921,9.454,9.052,8.716,8.432,..,..
"Death rate, crude (per 1,000 people)",SP.DYN.CDRT.IN,Antigua and Barbuda,ATG,6.98,6.216,6.055,6.085,6.116,6.151,6.188,6.227,6.27,6.316,..,..
"Death rate, crude (per 1,000 people)",SP.DYN.CDRT.IN,Argentina,ARG,8.163,7.845,7.708,7.694,7.68,7.665,7.651,7.638,7.626,7.616,..,..
"Death rate, crude (per 1,000 people)",SP.DYN.CDRT.IN,Armenia,ARM,8.473,8.575,9.739,9.753,9.761,9.774,9.796,9.823,9.849,9.862,..,..
"Death rate, crude (per 1,000 people)",SP.DYN.CDRT.IN,Aruba,ABW,7.059,6.971,7.918,8.061,8.205,8.347,8.488,8.627,8.765,8.907,..,..
"Death rate, crude (per 1,000 people)",SP.DYN.CDRT.IN,Australia,AUS,7,6.7,6.5,6.6,6.6,6.4,6.6,6.6,6.6,6.5,..,..
"Death rate, crude (per 1,000 people)",SP.DYN.CDRT.IN,Austria,AUT,10.8,9.6,9.2,9.1,9.4,9.4,9.2,9.6,9.2,9.5,..,..
"Death rate, crude (per 1,000 people)",SP.DYN.CDRT.IN,Azerbaijan,AZE,6.1,5.8,5.9,5.9,5.9,5.8,5.8,5.7,5.8,5.8,..,..
"Death rate, crude (per 1,000 people)",SP.DYN.CDRT.IN,"Bahamas, The",BHS,5.592,5.831,6.566,6.606,6.634,6.651,6.661,6.671,6.689,6.72,..,..
"Death rate, crude (per 1,000 people)",SP.DYN.CDRT.IN,Bahrain,BHR,3.386,2.835,2.327,2.324,2.326,2.331,2.337,2.346,2.355,2.368,..,..
"Death rate, crude (per 1,000 people)",SP.DYN.CDRT.IN,Bangladesh,BGD,10.352,6.883,5.734,5.673,5.625,5.589,5.565,5.549,5.539,5.533,..,..
"Death rate, crude (per 1,000 people)",SP.DYN.CDRT.IN,Barbados,BRB,7.763,7.553,8.368,8.454,8.54,8.625,8.708,8.789,8.865,8.936,..,..
"Death rate, crude (per 1,000 people)",SP.DYN.CDRT.IN,Belarus,BLR,10.8,13.5,14.5,14.3,13.4,13.2,12.8,12.6,12.6,12.6,..,..
"Death rate, crude (per 1,000 people)",SP.DYN.CDRT.IN,Belgium,BEL,10.4,10.2,9.7,9.4,9.8,9.8,9.3,9.8,9.5,9.6,..,..
"Death rate, crude (per 1,000 people)",SP.DYN.CDRT.IN,Belize,BLZ,5.408,5.826,4.597,4.582,4.58,4.588,4.603,4.624,4.65,4.681,..,..
"Death rate, crude (per 1,000 people)",SP.DYN.CDRT.IN,Benin,BEN,14.68,12.69,10.094,9.928,9.775,9.628,9.481,9.332,9.18,9.025,..,..
"Death rate, crude (per 1,000 people)",SP.DYN.CDRT.IN,Bermuda,BMU,7.3,8,7.3,6.6,6.5,6.8,7.6,7.4,8,7.8,..,..
"Death rate, crude (per 1,000 people)",SP.DYN.CDRT.IN,Bhutan,BTN,13.126,8.838,6.414,6.356,6.316,6.288,6.27,6.257,6.248,6.243,..,..
"Death rate, crude (per 1,000 people)",SP.DYN.CDRT.IN,Bolivia,BOL,12.597,9.409,7.448,7.304,7.175,7.062,6.966,6.89,6.834,6.795,..,..
"Death rate, crude (per 1,000 people)",SP.DYN.CDRT.IN,Bosnia and Herzegovina,BIH,7.711,8.289,9.747,9.87,9.981,10.088,10.194,10.305,10.427,10.563,..,..
"Death rate, crude (per 1,000 people)",SP.DYN.CDRT.IN,Botswana,BWA,8.966,13.535,9.146,8.391,7.713,7.122,6.634,6.259,6,5.834,..,..
"Death rate, crude (per 1,000 people)",SP.DYN.CDRT.IN,Brazil,BRA,6.948,6.189,6.045,6.071,6.106,6.147,6.195,6.25,6.311,6.378,..,..
"Death rate, crude (per 1,000 people)",SP.DYN.CDRT.IN,British Virgin Islands,VGB,..,..,..,..,..,..,..,..,..,..,..,..
"Death rate, crude (per 1,000 people)",SP.DYN.CDRT.IN,Brunei Darussalam,BRN,4.378,3.513,3.831,3.887,3.944,4.009,4.081,4.162,4.251,4.345,..,..
"Death rate, crude (per 1,000 people)",SP.DYN.CDRT.IN,Bulgaria,BGR,12.5,14.1,14.9,14.7,15,14.4,15.1,15.3,15.1,15.5,..,..
"Death rate, crude (per 1,000 people)",SP.DYN.CDRT.IN,Burkina Faso,BFA,17.005,15.539,10.645,10.195,9.789,9.426,9.105,8.823,8.571,8.341,..,..
"Death rate, crude (per 1,000 people)",SP.DYN.CDRT.IN,Burundi,BDI,17.326,15.005,10.113,9.728,9.373,9.052,8.767,8.517,8.3,8.106,..,..
"Death rate, crude (per 1,000 people)",SP.DYN.CDRT.IN,Cabo Verde,CPV,8.483,6.253,6.005,5.991,5.961,5.918,5.866,5.807,5.744,5.682,..,..
"Death rate, crude (per 1,000 people)",SP.DYN.CDRT.IN,Cambodia,KHM,12.678,9.426,6.512,6.401,6.308,6.228,6.159,6.099,6.051,6.017,..,..
"Death rate, crude (per 1,000 people)",SP.DYN.CDRT.IN,Cameroon,CMR,14.072,14.499,11.583,11.277,10.968,10.657,10.347,10.046,9.762,9.501,..,..
"Death rate, crude (per 1,000 people)",SP.DYN.CDRT.IN,Canada,CAN,7.3,7.1,7,7.1,7.1,7.2,7.3,7.4,7.4,7.5,..,..
"Death rate, crude (per 1,000 people)",SP.DYN.CDRT.IN,Cayman Islands,CYM,4.06349688591827,3.40796019900498,2.9538638881134,3.18399319783271,3.27845484997506,3.23618841017799,2.86000035092029,2.87872117045416,3.14685884789095,3.42232432860651,..,..
"Death rate, crude (per 1,000 people)",SP.DYN.CDRT.IN,Central African Republic,CAF,16.833,19.212,16.329,15.817,15.28,14.725,14.164,13.621,13.119,12.671,..,..
"Death rate, crude (per 1,000 people)",SP.DYN.CDRT.IN,Chad,TCD,18.937,17.732,14.598,14.161,13.752,13.38,13.053,12.77,12.527,12.309,..,..
"Death rate, crude (per 1,000 people)",SP.DYN.CDRT.IN,Channel Islands,CHI,10.867,8.945,8.046,8.002,7.963,7.925,7.89,7.858,7.833,7.817,..,..
"Death rate, crude (per 1,000 people)",SP.DYN.CDRT.IN,Chile,CHL,5.54,5.335,5.631,5.677,5.728,5.785,5.848,5.917,5.993,6.076,..,..
"Death rate, crude (per 1,000 people)",SP.DYN.CDRT.IN,China,CHN,6.67,6.45,7.11,7.14,7.15,7.16,7.16,7.11,7.09,7.11,..,..
"Death rate, crude (per 1,000 people)",SP.DYN.CDRT.IN,Colombia,COL,5.698,5.189,5.247,5.277,5.307,5.339,5.373,5.41,5.453,5.503,..,..
"Death rate, crude (per 1,000 people)",SP.DYN.CDRT.IN,Comoros,COM,11.508,9.501,8.244,8.065,7.897,7.744,7.608,7.491,7.389,7.298,..,..
"Death rate, crude (per 1,000 people)",SP.DYN.CDRT.IN,"Congo, Dem. Rep.",COD,16.657,15.955,11.587,11.273,10.978,10.696,10.424,10.164,9.919,9.691,..,..
"Death rate, crude (per 1,000 people)",SP.DYN.CDRT.IN,"Congo, Rep.",COG,11.481,12.891,8.582,8.241,7.937,7.659,7.406,7.18,6.987,6.828,..,..
"Death rate, crude (per 1,000 people)",SP.DYN.CDRT.IN,Costa Rica,CRI,3.947,3.959,4.521,4.587,4.654,4.722,4.791,4.862,4.933,5.005,..,..
"Death rate, crude (per 1,000 people)",SP.DYN.CDRT.IN,Cote d'Ivoire,CIV,13.193,14.989,12.58,12.176,11.787,11.417,11.076,10.769,10.5,10.262,..,..
"Death rate, crude (per 1,000 people)",SP.DYN.CDRT.IN,Croatia,HRV,10.9,11.2,11.8,11.9,12.1,11.8,12,12.9,12.3,13,..,..
"Death rate, crude (per 1,000 people)",SP.DYN.CDRT.IN,Cuba,CUB,7.046,7.165,7.721,7.862,8.015,8.175,8.338,8.502,8.665,8.827,..,..
"Death rate, crude (per 1,000 people)",SP.DYN.CDRT.IN,Curacao,CUW,..,..,8.4,8.5,8.2,8.1,8.8,8.8,9.3,8.9,..,..
"Death rate, crude (per 1,000 people)",SP.DYN.CDRT.IN,Cyprus,CYP,6.987,6.847,6.756,6.753,6.758,6.772,6.799,6.838,6.89,6.952,..,..
"Death rate, crude (per 1,000 people)",SP.DYN.CDRT.IN,Czech Republic,CZE,12.5,10.6,10.2,10.2,10.3,10.4,10,10.5,10.2,10.5,..,..
"Death rate, crude (per 1,000 people)",SP.DYN.CDRT.IN,Denmark,DNK,11.9,10.9,9.8,9.4,9.4,9.3,9.1,9.2,9.2,8.2,..,..
"Death rate, crude (per 1,000 people)",SP.DYN.CDRT.IN,Djibouti,DJI,10.72,10.227,9.156,8.966,8.735,8.462,8.157,7.842,7.545,7.293,..,..
"Death rate, crude (per 1,000 people)",SP.DYN.CDRT.IN,Dominica,DMA,8.6,..,8.29594514517904,..,..,..,8.2,..,..,..,..,..
"Death rate, crude (per 1,000 people)",SP.DYN.CDRT.IN,Dominican Republic,DOM,6.59,6.117,6.03,6.039,6.048,6.058,6.068,6.081,6.097,6.12,..,..
"Death rate, crude (per 1,000 people)",SP.DYN.CDRT.IN,Ecuador,ECU,6.167,5.182,5.072,5.082,5.089,5.094,5.096,5.096,5.098,5.101,..,..
"Death rate, crude (per 1,000 people)",SP.DYN.CDRT.IN,"Egypt, Arab Rep.",EGY,8.434,6.548,6.218,6.178,6.132,6.081,6.027,5.971,5.915,5.863,..,..
"Death rate, crude (per 1,000 people)",SP.DYN.CDRT.IN,El Salvador,SLV,8.103,6.772,6.848,6.87,6.891,6.913,6.935,6.959,6.984,7.011,..,..
"Death rate, crude (per 1,000 people)",SP.DYN.CDRT.IN,Equatorial Guinea,GNQ,17.449,13.686,11.273,11.014,10.753,10.496,10.245,10.002,9.768,9.542,..,..
"Death rate, crude (per 1,000 people)",SP.DYN.CDRT.IN,Eritrea,ERI,15.826,11.43,8.764,8.536,8.311,8.093,7.884,7.686,7.5,7.326,..,..
"Death rate, crude (per 1,000 people)",SP.DYN.CDRT.IN,Estonia,EST,12.4,13.2,11.9,11.5,11.7,11.6,11.8,11.6,11.7,11.8,..,..
"Death rate, crude (per 1,000 people)",SP.DYN.CDRT.IN,Eswatini,SWZ,7.587,14.877,16.233,15.266,14.226,13.171,12.153,11.235,10.462,9.843,..,..
"Death rate, crude (per 1,000 people)",SP.DYN.CDRT.IN,Ethiopia,ETH,18.141,14.024,8.441,8.06,7.734,7.455,7.218,7.017,6.844,6.691,..,..
"Death rate, crude (per 1,000 people)",SP.DYN.CDRT.IN,Faroe Islands,FRO,7.5,7.7,7.2,8,8.5,7.6,8.1,7.7,7.7,8.9,..,..
"Death rate, crude (per 1,000 people)",SP.DYN.CDRT.IN,Fiji,FJI,6.557,6.939,8.007,8.086,8.137,8.165,8.174,8.172,8.17,8.18,..,..
"Death rate, crude (per 1,000 people)",SP.DYN.CDRT.IN,Finland,FIN,10,9.5,9.5,9.4,9.6,9.5,9.6,9.6,9.8,9.8,..,..
"Death rate, crude (per 1,000 people)",SP.DYN.CDRT.IN,France,FRA,9.3,8.9,8.5,8.4,8.7,8.7,8.5,8.9,8.9,9,..,..
"Death rate, crude (per 1,000 people)",SP.DYN.CDRT.IN,French Polynesia,PYF,5.428,4.787,5.011,5.098,5.185,5.267,5.345,5.418,5.49,5.566,..,..
"Death rate, crude (per 1,000 people)",SP.DYN.CDRT.IN,Gabon,GAB,11.111,11.624,9.323,8.893,8.481,8.096,7.749,7.449,7.201,6.998,..,..
"Death rate, crude (per 1,000 people)",SP.DYN.CDRT.IN,"Gambia, The",GMB,14.078,11.256,9.014,8.863,8.723,8.59,8.46,8.329,8.191,8.044,..,..
"Death rate, crude (per 1,000 people)",SP.DYN.CDRT.IN,Georgia,GEO,9.352,11.68,13.088,13.146,13.168,13.158,13.121,13.062,12.992,12.918,..,..
"Death rate, crude (per 1,000 people)",SP.DYN.CDRT.IN,Germany,DEU,11.6,10.2,10.5,10.6,10.8,11.1,10.7,11.3,11.1,11.3,..,..
"Death rate, crude (per 1,000 people)",SP.DYN.CDRT.IN,Ghana,GHA,10.933,10.402,8.359,8.211,8.072,7.935,7.798,7.663,7.533,7.414,..,..
"Death rate, crude (per 1,000 people)",SP.DYN.CDRT.IN,Gibraltar,GIB,..,..,..,..,..,..,..,..,..,..,..,..
"Death rate, crude (per 1,000 people)",SP.DYN.CDRT.IN,Greece,GRC,9.2,9.7,9.8,10,10.6,10.2,10.4,11.2,11,11.6,..,..
"Death rate, crude (per 1,000 people)",SP.DYN.CDRT.IN,Greenland,GRL,8.4,8,9,8.4,8,7.9,8.2,8.4,8.7,8.9,..,..
"Death rate, crude (per 1,000 people)",SP.DYN.CDRT.IN,Grenada,GRD,7.968,7.143,8.585,8.838,9.065,9.252,9.393,9.487,9.538,9.563,..,..
"Death rate, crude (per 1,000 people)",SP.DYN.CDRT.IN,Guam,GUM,4.709,4.544,4.864,4.915,4.963,5.007,5.047,5.085,5.123,5.166,..,..
"Death rate, crude (per 1,000 people)",SP.DYN.CDRT.IN,Guatemala,GTM,8.538,6.235,5.15,5.07,4.996,4.932,4.876,4.829,4.791,4.762,..,..
"Death rate, crude (per 1,000 people)",SP.DYN.CDRT.IN,Guinea,GIN,17.384,15.443,11.002,10.657,10.331,10.003,9.67,9.337,9.013,8.715,..,..
"Death rate, crude (per 1,000 people)",SP.DYN.CDRT.IN,Guinea-Bissau,GNB,18.572,15.031,11.741,11.404,11.082,10.779,10.499,10.244,10.014,9.805,..,..
"Death rate, crude (per 1,000 people)",SP.DYN.CDRT.IN,Guyana,GUY,8.289,7.638,7.143,7.123,7.117,7.13,7.162,7.213,7.283,7.365,..,..
"Death rate, crude (per 1,000 people)",SP.DYN.CDRT.IN,Haiti,HTI,13.35,11.279,9.629,9.48,9.333,9.185,9.037,8.893,8.759,8.638,..,..
"Death rate, crude (per 1,000 people)",SP.DYN.CDRT.IN,Honduras,HND,6.684,5.239,4.534,4.497,4.468,4.446,4.431,4.424,4.423,4.428,..,..
"Death rate, crude (per 1,000 people)",SP.DYN.CDRT.IN,"Hong Kong SAR, China",HKG,5.2,5.1,6,6,6.1,6,6.2,6.3,6.4,6.3,..,..
"Death rate, crude (per 1,000 people)",SP.DYN.CDRT.IN,Hungary,HUN,14,13.3,13,12.9,13,12.8,12.8,13.4,13,13.5,..,..
"Death rate, crude (per 1,000 people)",SP.DYN.CDRT.IN,Iceland,ISL,6.7,6.5,6.4,6.2,6.1,6.7,6.3,6.6,6.9,6.5,..,..
"Death rate, crude (per 1,000 people)",SP.DYN.CDRT.IN,India,IND,10.864,8.692,7.492,7.393,7.312,7.251,7.212,7.194,7.195,7.21,..,..
"Death rate, crude (per 1,000 people)",SP.DYN.CDRT.IN,Indonesia,IDN,8.339,7.475,6.653,6.579,6.518,6.471,6.437,6.419,6.418,6.433,..,..
"Death rate, crude (per 1,000 people)",SP.DYN.CDRT.IN,"Iran, Islamic Rep.",IRN,7.211,5.077,4.905,4.857,4.82,4.799,4.795,4.805,4.821,4.835,..,..
"Death rate, crude (per 1,000 people)",SP.DYN.CDRT.IN,Iraq,IRQ,7.063,5.627,5.514,5.401,5.281,5.164,5.057,4.965,4.889,4.826,..,..
"Death rate, crude (per 1,000 people)",SP.DYN.CDRT.IN,Ireland,IRL,8.9,8.2,6.1,6.2,6.3,6.4,6.3,6.4,6.4,6.3,..,..
"Death rate, crude (per 1,000 people)",SP.DYN.CDRT.IN,Isle of Man,IMN,..,..,..,..,..,..,..,..,..,..,..,..
"Death rate, crude (per 1,000 people)",SP.DYN.CDRT.IN,Israel,ISR,6.8,6,5.2,5.3,5.3,5.2,5.2,5.3,5.2,5.1,..,..
"Death rate, crude (per 1,000 people)",SP.DYN.CDRT.IN,Italy,ITA,9.6,9.8,9.9,10,10.3,10,9.8,10.7,10.1,10.7,..,..
"Death rate, crude (per 1,000 people)",SP.DYN.CDRT.IN,Jamaica,JAM,6.6,6.52,7.31,7.368,7.42,7.463,7.497,7.523,7.542,7.558,..,..
"Death rate, crude (per 1,000 people)",SP.DYN.CDRT.IN,Japan,JPN,6.7,7.7,9.5,9.9,10,10.1,10.1,10.3,10.5,10.8,..,..
"Death rate, crude (per 1,000 people)",SP.DYN.CDRT.IN,Jordan,JOR,5.07,4.129,3.832,3.818,3.809,3.805,3.806,3.813,3.826,3.843,..,..
"Death rate, crude (per 1,000 people)",SP.DYN.CDRT.IN,Kazakhstan,KAZ,7.87,10.06,8.95,8.72,8.54,8,7.65,7.46,7.37,7.15,..,..
"Death rate, crude (per 1,000 people)",SP.DYN.CDRT.IN,Kenya,KEN,10.187,12.621,7.467,7.07,6.73,6.428,6.161,5.928,5.734,5.582,..,..
"Death rate, crude (per 1,000 people)",SP.DYN.CDRT.IN,Kiribati,KIR,10.087,7.918,7.031,6.959,6.875,6.781,6.68,6.578,6.481,6.396,..,..
"Death rate, crude (per 1,000 people)",SP.DYN.CDRT.IN,"Korea, Dem. People’s Rep.",PRK,5.663,9.076,8.781,8.727,8.683,8.671,8.696,8.76,8.856,8.97,..,..
"Death rate, crude (per 1,000 people)",SP.DYN.CDRT.IN,"Korea, Rep.",KOR,5.6,5.2,5.1,5.1,5.3,5.3,5.3,5.4,5.5,5.6,..,..
"Death rate, crude (per 1,000 people)",SP.DYN.CDRT.IN,Kosovo,XKX,6.7,7,7.1,7,7,7,7,7,7,7,..,..
"Death rate, crude (per 1,000 people)",SP.DYN.CDRT.IN,Kuwait,KWT,2.537,2.551,2.404,2.38,2.369,2.376,2.403,2.451,2.518,2.601,..,..
"Death rate, crude (per 1,000 people)",SP.DYN.CDRT.IN,Kyrgyz Republic,KGZ,6.9,7,6.6,6.5,6.5,6.1,6.1,5.8,5.5,5.4,..,..
"Death rate, crude (per 1,000 people)",SP.DYN.CDRT.IN,Lao PDR,LAO,13.817,9.827,7.394,7.225,7.07,6.93,6.803,6.691,6.593,6.508,..,..
"Death rate, crude (per 1,000 people)",SP.DYN.CDRT.IN,Latvia,LVA,13.1,13.6,14.3,13.9,14.3,14.3,14.3,14.4,14.6,14.8,..,..
"Death rate, crude (per 1,000 people)",SP.DYN.CDRT.IN,Lebanon,LBN,6.371,4.621,3.9,3.92,3.952,3.995,4.048,4.109,4.181,4.263,..,..
"Death rate, crude (per 1,000 people)",SP.DYN.CDRT.IN,Lesotho,LSO,10.073,16.21,19.325,18.669,17.936,17.177,16.433,15.75,15.157,14.656,..,..
"Death rate, crude (per 1,000 people)",SP.DYN.CDRT.IN,Liberia,LBR,19.403,14.973,9.662,9.338,9.046,8.763,8.485,8.213,7.957,7.729,..,..
"Death rate, crude (per 1,000 people)",SP.DYN.CDRT.IN,Libya,LBY,5.157,4.633,4.8,4.901,4.99,5.056,5.095,5.111,5.108,5.099,..,..
"Death rate, crude (per 1,000 people)",SP.DYN.CDRT.IN,Liechtenstein,LIE,6.8,7.3,6.6,6.8,6.1,6.7,7.2,6.7,7.2,6.6,..,..
"Death rate, crude (per 1,000 people)",SP.DYN.CDRT.IN,Lithuania,LTU,10.8,11.1,13.6,13.6,13.7,14,13.7,14.4,14.3,14.2,..,..
"Death rate, crude (per 1,000 people)",SP.DYN.CDRT.IN,Luxembourg,LUX,9.9,8.6,7.4,7.4,7.3,7,6.9,7,6.8,7.1,..,..
"Death rate, crude (per 1,000 people)",SP.DYN.CDRT.IN,"Macao SAR, China",MAC,4.531,3.853,3.668,3.657,3.657,3.671,3.7,3.743,3.8,3.866,..,..
"Death rate, crude (per 1,000 people)",SP.DYN.CDRT.IN,Madagascar,MDG,15.153,10.199,7.375,7.173,6.98,6.8,6.63,6.472,6.324,6.185,..,..
"Death rate, crude (per 1,000 people)",SP.DYN.CDRT.IN,Malawi,MWI,19.22,18.137,10.789,9.903,9.113,8.43,7.864,7.415,7.074,6.811,..,..
"Death rate, crude (per 1,000 people)",SP.DYN.CDRT.IN,Malaysia,MYS,4.854,4.528,4.649,4.683,4.722,4.767,4.818,4.877,4.942,5.014,..,..
"Death rate, crude (per 1,000 people)",SP.DYN.CDRT.IN,Maldives,MDV,8.683,4.635,3.529,3.445,3.353,3.256,3.157,3.058,2.965,2.883,..,..
"Death rate, crude (per 1,000 people)",SP.DYN.CDRT.IN,Mali,MLI,20.492,18.292,12.481,12.09,11.72,11.358,11.001,10.649,10.307,9.984,..,..
"Death rate, crude (per 1,000 people)",SP.DYN.CDRT.IN,Malta,MLT,7.8,7.5,7.3,7.8,8.1,7.6,7.5,7.7,7.3,7.6,..,..
"Death rate, crude (per 1,000 people)",SP.DYN.CDRT.IN,Marshall Islands,MHL,..,..,..,3.7,..,..,..,..,..,..,..,..
"Death rate, crude (per 1,000 people)",SP.DYN.CDRT.IN,Mauritania,MRT,9.827,9.286,8.33,8.191,8.047,7.9,7.751,7.606,7.468,7.339,..,..
"Death rate, crude (per 1,000 people)",SP.DYN.CDRT.IN,Mauritius,MUS,6.6,6.7,7.3,7.3,7.4,7.5,7.7,7.7,8.1,8,..,..
"Death rate, crude (per 1,000 people)",SP.DYN.CDRT.IN,Mexico,MEX,5.447,4.737,5.266,5.369,5.471,5.572,5.67,5.763,5.851,5.933,..,..
"Death rate, crude (per 1,000 people)",SP.DYN.CDRT.IN,"Micronesia, Fed. Sts.",FSM,7.668,7.704,7.15,6.991,6.839,6.709,6.611,6.549,6.526,6.534,..,..
"Death rate, crude (per 1,000 people)",SP.DYN.CDRT.IN,Moldova,MDA,10.354,11.715,11.788,11.642,11.513,11.424,11.386,11.398,11.452,11.528,..,..
"Death rate, crude (per 1,000 people)",SP.DYN.CDRT.IN,Monaco,MCO,..,..,..,..,..,..,..,7.6,7.9,..,..,..
"Death rate, crude (per 1,000 people)",SP.DYN.CDRT.IN,Mongolia,MNG,10.058,7.688,6.562,6.468,6.388,6.331,6.296,6.283,6.286,6.299,..,..
"Death rate, crude (per 1,000 people)",SP.DYN.CDRT.IN,Montenegro,MNE,7.159,9.746,10.21,10.18,10.177,10.208,10.276,10.372,10.484,10.592,..,..
"Death rate, crude (per 1,000 people)",SP.DYN.CDRT.IN,Morocco,MAR,7.393,6.341,5.225,5.199,5.181,5.163,5.142,5.118,5.093,5.072,..,..
"Death rate, crude (per 1,000 people)",SP.DYN.CDRT.IN,Mozambique,MOZ,19.863,16.462,12.89,12.387,11.832,11.24,10.628,10.025,9.463,8.964,..,..
"Death rate, crude (per 1,000 people)",SP.DYN.CDRT.IN,Myanmar,MMR,11.008,9.864,8.858,8.726,8.598,8.48,8.377,8.295,8.238,8.206,..,..
"Death rate, crude (per 1,000 people)",SP.DYN.CDRT.IN,Namibia,NAM,8.546,12.685,11.342,10.652,10.012,9.458,9.009,8.669,8.423,8.23,..,..
"Death rate, crude (per 1,000 people)",SP.DYN.CDRT.IN,Nauru,NRU,..,..,..,..,..,..,..,..,..,..,..,..
"Death rate, crude (per 1,000 people)",SP.DYN.CDRT.IN,Nepal,NPL,12.839,8.518,6.815,6.74,6.672,6.611,6.555,6.502,6.451,6.404,..,..
"Death rate, crude (per 1,000 people)",SP.DYN.CDRT.IN,Netherlands,NLD,8.6,8.8,8.2,8.1,8.4,8.4,8.3,8.7,8.7,8.8,..,..
"Death rate, crude (per 1,000 people)",SP.DYN.CDRT.IN,New Caledonia,NCL,5.4,5.1,4.8,5.2,5.1,5.2,5.2,5.4,5.7,5.5,..,..
"Death rate, crude (per 1,000 people)",SP.DYN.CDRT.IN,New Zealand,NZL,8.1,6.91,6.53,6.86,6.82,6.65,6.88,6.87,6.64,6.95,..,..
"Death rate, crude (per 1,000 people)",SP.DYN.CDRT.IN,Nicaragua,NIC,7.337,5.335,5.063,5.05,5.038,5.031,5.029,5.032,5.039,5.049,..,..
"Death rate, crude (per 1,000 people)",SP.DYN.CDRT.IN,Niger,NER,22.97,17.234,11.353,10.838,10.359,9.916,9.511,9.145,8.82,8.529,..,..
"Death rate, crude (per 1,000 people)",SP.DYN.CDRT.IN,Nigeria,NGA,18.579,17.895,14.27,13.942,13.623,13.307,12.994,12.686,12.39,12.114,..,..
"Death rate, crude (per 1,000 people)",SP.DYN.CDRT.IN,North Macedonia,MKD,7.547,8.302,9.511,9.566,9.616,9.669,9.73,9.801,9.88,9.965,..,..
"Death rate, crude (per 1,000 people)",SP.DYN.CDRT.IN,Northern Mariana Islands,MNP,..,..,..,..,..,..,..,..,..,..,..,..
"Death rate, crude (per 1,000 people)",SP.DYN.CDRT.IN,Norway,NOR,10.9,9.8,8.5,8.4,8.4,8.1,7.9,7.8,7.8,7.7,..,..
"Death rate, crude (per 1,000 people)",SP.DYN.CDRT.IN,Oman,OMN,5.483,3.518,2.794,2.745,2.695,2.643,2.592,2.542,2.498,2.462,..,..
"Death rate, crude (per 1,000 people)",SP.DYN.CDRT.IN,Pakistan,PAK,10.828,8.862,7.568,7.454,7.349,7.257,7.176,7.107,7.048,6.994,..,..
"Death rate, crude (per 1,000 people)",SP.DYN.CDRT.IN,Palau,PLW,7.7,6.5,8.1,8.3,9.4,10.9,9.5,7.7,9.9,10.3,..,..
"Death rate, crude (per 1,000 people)",SP.DYN.CDRT.IN,Panama,PAN,4.946,4.783,4.925,4.94,4.954,4.969,4.985,5.003,5.024,5.048,..,..
"Death rate, crude (per 1,000 people)",SP.DYN.CDRT.IN,Papua New Guinea,PNG,10.713,9.546,8.348,8.24,8.128,8.008,7.882,7.755,7.632,7.521,..,..
"Death rate, crude (per 1,000 people)",SP.DYN.CDRT.IN,Paraguay,PRY,6.11,5.511,5.408,5.407,5.406,5.407,5.412,5.422,5.44,5.465,..,..
"Death rate, crude (per 1,000 people)",SP.DYN.CDRT.IN,Peru,PER,7.05,5.485,5.299,5.299,5.302,5.309,5.324,5.348,5.386,5.438,..,..
"Death rate, crude (per 1,000 people)",SP.DYN.CDRT.IN,Philippines,PHL,6.298,5.432,5.623,5.674,5.719,5.754,5.78,5.798,5.815,5.839,..,..
"Death rate, crude (per 1,000 people)",SP.DYN.CDRT.IN,Poland,POL,10.2,9.6,9.9,9.9,10.1,10.2,9.9,10.4,10.2,10.6,..,..
"Death rate, crude (per 1,000 people)",SP.DYN.CDRT.IN,Portugal,PRT,10.3,10.2,10,9.7,10.2,10.2,10.1,10.5,10.7,10.6,..,..
"Death rate, crude (per 1,000 people)",SP.DYN.CDRT.IN,Puerto Rico,PRI,7.3,7.48,7.833,8,8.1,8.1,8.5,8.084,8.86,8.9,..,..
"Death rate, crude (per 1,000 people)",SP.DYN.CDRT.IN,Qatar,QAT,2.133,1.941,1.211,1.173,1.148,1.132,1.127,1.131,1.146,1.169,..,..
"Death rate, crude (per 1,000 people)",SP.DYN.CDRT.IN,Romania,ROU,10.6,11.4,12.8,12.5,12.7,12.4,12.8,13.2,13.1,13.3,..,..
"Death rate, crude (per 1,000 people)",SP.DYN.CDRT.IN,Russian Federation,RUS,11.2,15.3,14.2,13.5,13.3,13,13.1,13,12.9,12.9,..,..
"Death rate, crude (per 1,000 people)",SP.DYN.CDRT.IN,Rwanda,RWA,34.184,14,7.31,6.79,6.384,6.059,5.801,5.597,5.435,5.308,..,..
"Death rate, crude (per 1,000 people)",SP.DYN.CDRT.IN,Samoa,WSM,6.6,6.316,5.848,5.795,5.727,5.645,5.554,5.461,5.372,5.296,..,..
"Death rate, crude (per 1,000 people)",SP.DYN.CDRT.IN,San Marino,SMR,..,..,6.53333333333333,6.8,7.1,7.4,7.7,7.1,7.6,..,..,..
"Death rate, crude (per 1,000 people)",SP.DYN.CDRT.IN,Sao Tome and Principe,STP,11.061,9.054,5.848,5.669,5.509,5.364,5.232,5.111,5.002,4.908,..,..
"Death rate, crude (per 1,000 people)",SP.DYN.CDRT.IN,Saudi Arabia,SAU,4.913,3.691,3.464,3.441,3.422,3.41,3.407,3.412,3.426,3.446,..,..
"Death rate, crude (per 1,000 people)",SP.DYN.CDRT.IN,Senegal,SEN,11.335,10.752,7.305,7.013,6.753,6.522,6.319,6.141,5.985,5.845,..,..
"Death rate, crude (per 1,000 people)",SP.DYN.CDRT.IN,Serbia,SRB,..,13.8,14.2,14.2,14.2,14,14.2,14.6,14.3,14.8,..,..
"Death rate, crude (per 1,000 people)",SP.DYN.CDRT.IN,Seychelles,SYC,7.7,6.8,7.4,7.9,7.4,8,7.9,7.5,7.9,7.8,..,..
"Death rate, crude (per 1,000 people)",SP.DYN.CDRT.IN,Sierra Leone,SLE,25.386,23.594,15.25,14.597,14.008,13.483,13.025,12.63,12.294,12.003,..,..
"Death rate, crude (per 1,000 people)",SP.DYN.CDRT.IN,Singapore,SGP,4.7,4.5,4.4,4.5,4.5,4.6,4.7,4.8,4.8,5,..,..
"Death rate, crude (per 1,000 people)",SP.DYN.CDRT.IN,Sint Maarten (Dutch part),SXM,..,..,4.1,5.1,5.4,4.7,4.7,4.6,..,..,..,..
"Death rate, crude (per 1,000 people)",SP.DYN.CDRT.IN,Slovak Republic,SVK,10.3,9.8,9.9,9.6,9.7,9.6,9.5,9.9,9.6,9.9,..,..
"Death rate, crude (per 1,000 people)",SP.DYN.CDRT.IN,Slovenia,SVN,9.3,9.3,9.1,9.1,9.4,9.4,9.2,9.6,9.5,9.9,..,..
"Death rate, crude (per 1,000 people)",SP.DYN.CDRT.IN,Solomon Islands,SLB,6.779,5.561,4.752,4.672,4.592,4.516,4.444,4.38,4.326,4.284,..,..
"Death rate, crude (per 1,000 people)",SP.DYN.CDRT.IN,Somalia,SOM,19.554,15.489,12.869,12.601,12.331,12.06,11.793,11.534,11.289,11.062,..,..
"Death rate, crude (per 1,000 people)",SP.DYN.CDRT.IN,South Africa,ZAF,8.082,12.107,12.085,11.483,10.918,10.43,10.044,9.769,9.599,9.498,..,..
"Death rate, crude (per 1,000 people)",SP.DYN.CDRT.IN,South Sudan,SSD,20.795,16.075,11.984,11.669,11.399,11.171,10.983,10.826,10.694,10.574,..,..
"Death rate, crude (per 1,000 people)",SP.DYN.CDRT.IN,Spain,ESP,8.6,8.9,8.2,8.3,8.6,8.3,8.5,9.1,8.8,9,..,..
"Death rate, crude (per 1,000 people)",SP.DYN.CDRT.IN,Sri Lanka,LKA,6.5,6.89,6.02,6.076,6.135,6.204,6.282,6.368,6.459,6.554,..,..
"Death rate, crude (per 1,000 people)",SP.DYN.CDRT.IN,St. Kitts and Nevis,KNA,..,..,..,..,..,..,8.1,..,..,..,..,..
"Death rate, crude (per 1,000 people)",SP.DYN.CDRT.IN,St. Lucia,LCA,6.239,6.666,6.577,6.712,6.84,6.947,7.028,7.084,7.123,7.16,..,..
"Death rate, crude (per 1,000 people)",SP.DYN.CDRT.IN,St. Martin (French part),MAF,2.8,3.3,3.8,3.9,4,4,4.1,4.2,4.2,4.3,..,..
"Death rate, crude (per 1,000 people)",SP.DYN.CDRT.IN,St. Vincent and the Grenadines,VCT,6.647,7.248,7.79,8.004,8.234,8.462,8.678,8.87,9.032,9.162,..,..
"Death rate, crude (per 1,000 people)",SP.DYN.CDRT.IN,Sudan,SDN,12.045,10.263,8.122,7.946,7.788,7.649,7.53,7.428,7.34,7.261,..,..
"Death rate, crude (per 1,000 people)",SP.DYN.CDRT.IN,Suriname,SUR,7.256,7.453,7.017,7.019,7.039,7.071,7.114,7.164,7.219,7.277,..,..
"Death rate, crude (per 1,000 people)",SP.DYN.CDRT.IN,Sweden,SWE,11.1,10.5,9.6,9.5,9.7,9.4,9.2,9.3,9.2,9.1,..,..
"Death rate, crude (per 1,000 people)",SP.DYN.CDRT.IN,Switzerland,CHE,9.5,8.7,8,7.8,8,8,7.8,8.2,7.8,7.9,..,..
"Death rate, crude (per 1,000 people)",SP.DYN.CDRT.IN,Syrian Arab Republic,SYR,4.509,3.719,4.495,4.878,5.229,5.51,5.697,5.771,5.726,5.584,..,..
"Death rate, crude (per 1,000 people)",SP.DYN.CDRT.IN,Tajikistan,TJK,11.425,8.511,5.746,5.643,5.542,5.435,5.322,5.201,5.078,4.961,..,..
"Death rate, crude (per 1,000 people)",SP.DYN.CDRT.IN,Tanzania,TZA,14.914,13.808,9.212,8.751,8.305,7.887,7.503,7.161,6.868,6.622,..,..
"Death rate, crude (per 1,000 people)",SP.DYN.CDRT.IN,Thailand,THA,5.707,6.877,7.191,7.213,7.241,7.279,7.327,7.389,7.467,7.559,..,..
"Death rate, crude (per 1,000 people)",SP.DYN.CDRT.IN,Timor-Leste,TLS,16.58,10.366,6.505,6.401,6.332,6.276,6.225,6.169,6.109,6.05,..,..
"Death rate, crude (per 1,000 people)",SP.DYN.CDRT.IN,Togo,TGO,11.973,12.756,10.175,9.826,9.514,9.244,9.02,8.841,8.695,8.568,..,..
"Death rate, crude (per 1,000 people)",SP.DYN.CDRT.IN,Tonga,TON,6.225,6.862,7.179,7.205,7.225,7.239,7.245,7.24,7.223,7.194,..,..
"Death rate, crude (per 1,000 people)",SP.DYN.CDRT.IN,Trinidad and Tobago,TTO,7.483,7.598,7.77,7.815,7.866,7.925,7.993,8.07,8.159,8.261,..,..
"Death rate, crude (per 1,000 people)",SP.DYN.CDRT.IN,Tunisia,TUN,6.275,5.53,6.194,6.241,6.274,6.294,6.301,6.298,6.287,6.274,..,..
"Death rate, crude (per 1,000 people)",SP.DYN.CDRT.IN,Turkey,TUR,8.247,6.466,5.697,5.619,5.547,5.484,5.436,5.404,5.39,5.394,..,..
"Death rate, crude (per 1,000 people)",SP.DYN.CDRT.IN,Turkmenistan,TKM,8.811,7.771,7.214,7.189,7.167,7.145,7.122,7.098,7.076,7.057,..,..
"Death rate, crude (per 1,000 people)",SP.DYN.CDRT.IN,Turks and Caicos Islands,TCA,..,..,..,..,..,..,..,..,..,..,..,..
"Death rate, crude (per 1,000 people)",SP.DYN.CDRT.IN,Tuvalu,TUV,..,..,..,..,..,..,..,..,..,..,..,..
"Death rate, crude (per 1,000 people)",SP.DYN.CDRT.IN,Uganda,UGA,18.012,16.511,9.659,9.114,8.605,8.138,7.716,7.345,7.031,6.769,..,..
"Death rate, crude (per 1,000 people)",SP.DYN.CDRT.IN,Ukraine,UKR,12.1,15.4,15.2,14.5,14.5,14.6,14.7,14.9,14.7,14.5,..,..
"Death rate, crude (per 1,000 people)",SP.DYN.CDRT.IN,United Arab Emirates,ARE,2.562,1.869,1.403,1.382,1.369,1.363,1.366,1.377,1.398,1.429,..,..
"Death rate, crude (per 1,000 people)",SP.DYN.CDRT.IN,United Kingdom,GBR,11.2,10.3,8.9,8.7,8.9,9,8.8,9.2,9.1,9.2,..,..
"Death rate, crude (per 1,000 people)",SP.DYN.CDRT.IN,United States,USA,8.6,8.5,7.995,8.073,8.102,8.215,8.237,8.44,8.493,8.5,..,..
"Death rate, crude (per 1,000 people)",SP.DYN.CDRT.IN,Uruguay,URY,9.79,9.417,9.324,9.349,9.376,9.401,9.423,9.44,9.452,9.461,..,..
"Death rate, crude (per 1,000 people)",SP.DYN.CDRT.IN,Uzbekistan,UZB,6.1,5.50084067553592,4.9,4.9,4.9,4.8,4.9,4.9,4.9,5,..,..
"Death rate, crude (per 1,000 people)",SP.DYN.CDRT.IN,Vanuatu,VUT,7.117,6.118,5.526,5.529,5.527,5.514,5.489,5.45,5.396,5.334,..,..
"Death rate, crude (per 1,000 people)",SP.DYN.CDRT.IN,"Venezuela, RB",VEN,5.027,5.09,5.56,5.676,5.822,5.997,6.197,6.408,6.619,6.814,..,..
"Death rate, crude (per 1,000 people)",SP.DYN.CDRT.IN,Vietnam,VNM,6.36,5.651,5.81,5.867,5.93,5.994,6.06,6.126,6.19,6.253,..,..
"Death rate, crude (per 1,000 people)",SP.DYN.CDRT.IN,Virgin Islands (U.S.),VIR,4.625,6,6.6,6.6,6.7,6.9,7.1,7.3,7.6,7.8,..,..
"Death rate, crude (per 1,000 people)",SP.DYN.CDRT.IN,West Bank and Gaza,PSE,6.72,4.5,3.511,3.508,3.505,3.501,3.495,3.488,3.478,3.469,..,..
"Death rate, crude (per 1,000 people)",SP.DYN.CDRT.IN,"Yemen, Rep.",YEM,11.833,8.894,6.189,6.094,6.03,5.992,5.974,5.969,5.972,5.978,..,..
"Death rate, crude (per 1,000 people)",SP.DYN.CDRT.IN,Zambia,ZMB,15.711,17.929,10.051,9.304,8.637,8.055,7.565,7.169,6.864,6.633,..,..
"Death rate, crude (per 1,000 people)",SP.DYN.CDRT.IN,Zimbabwe,ZWE,9.074,16.534,13.679,12.384,11.167,10.115,9.277,8.673,8.286,8.044,..,..
"Death rate, crude (per 1,000 people)",SP.DYN.CDRT.IN,Arab World,ARB,7.97506651102474,6.44095917557408,5.68165740677503,5.64435324686684,5.60853392993795,5.57131092974662,5.53223521324715,5.49165625851344,5.45121783938498,5.41347319289088,..,..
"Death rate, crude (per 1,000 people)",SP.DYN.CDRT.IN,Caribbean small states,CSS,7.04776811779945,6.93970321204182,7.23916733841792,7.27175921526787,7.31663154920882,7.36112519478405,7.41773065191223,7.44826042272022,7.49240071635527,7.53914815837114,..,..
"Death rate, crude (per 1,000 people)",SP.DYN.CDRT.IN,Central Europe and the Baltics,CEB,11.1751433470436,11.0069233625195,11.4294836462092,11.3167231657085,11.4967288607324,11.4105615229753,11.375115818527,11.8380878167684,11.6171639951138,11.9573201546515,..,..
"Death rate, crude (per 1,000 people)",SP.DYN.CDRT.IN,Early-demographic dividend,EAR,9.78614141944457,8.01917415850781,6.96962460708017,6.87671676418503,6.7972706286125,6.73164733123026,6.68455592321071,6.6526981083364,6.63512602276607,6.6298142189365,..,..
"Death rate, crude (per 1,000 people)",SP.DYN.CDRT.IN,East Asia & Pacific,EAS,6.87339223109423,6.65701898807111,7.04000629382138,7.07533454701819,7.08343129280975,7.08660634678939,7.08894027459688,7.07154119094088,7.07862863670555,7.11424254680889,..,..
"Death rate, crude (per 1,000 people)",SP.DYN.CDRT.IN,East Asia & Pacific (excluding high income),EAP,6.94935472538864,6.64517469440185,6.95735447857541,6.96714659506244,6.96571998667445,6.96666624058626,6.96343712509287,6.93010090236071,6.92089124141649,6.9426223769282,..,..
"Death rate, crude (per 1,000 people)",SP.DYN.CDRT.IN,East Asia & Pacific (IDA & IBRD countries),TEA,6.96583331441819,6.61409491119332,6.9343040235707,6.94495174630243,6.94411705264855,6.94528453828162,6.94181256327575,6.9072133848258,6.89676504139603,6.91741124689067,..,..
"Death rate, crude (per 1,000 people)",SP.DYN.CDRT.IN,Euro area,EMU,10.0046234891711,9.60272764797993,9.42077739682353,9.42000901106737,9.7028320423329,9.66563509536034,9.49445531612893,10.0611971608726,9.84134494746949,10.0813047438407,..,..
"Death rate, crude (per 1,000 people)",SP.DYN.CDRT.IN,Europe & Central Asia,ECS,10.2497443967013,10.7763401092791,10.1948150062529,9.98875908818973,10.0667243991828,9.96259931883288,9.87203768759229,10.1364572248902,9.9723973433384,10.0763281093085,..,..
"Death rate, crude (per 1,000 people)",SP.DYN.CDRT.IN,Europe & Central Asia (excluding high income),ECA,10.1050454096954,11.9132291511067,11.078347642871,10.6629287557043,10.5353750155409,10.3264716317113,10.3509619876068,10.3108334803059,10.2000225167739,10.1689932152061,..,..
"Death rate, crude (per 1,000 people)",SP.DYN.CDRT.IN,Europe & Central Asia (IDA & IBRD countries),TEC,10.1226733152441,11.7024661389331,10.9837527411113,10.6093734085153,10.5131696779139,10.3297297376168,10.3284271419604,10.3423342860396,10.2192652724747,10.2302499920688,..,..
"Death rate, crude (per 1,000 people)",SP.DYN.CDRT.IN,European Union,EUU,10.4276234946836,9.98788906786334,9.72306454923646,9.67342868067531,9.92118693466714,9.88255195789412,9.73121933318887,10.2449325214071,10.0402606620505,10.2610984837148,..,..
"Death rate, crude (per 1,000 people)",SP.DYN.CDRT.IN,Fragile and conflict affected situations,FCS,13.1346652498786,11.9528539886109,9.54710898427586,9.30526515981718,9.07331167178081,8.84994689451393,8.63934103850986,8.44547496352844,8.27142227806911,8.11628306009985,..,..
"Death rate, crude (per 1,000 people)",SP.DYN.CDRT.IN,Heavily indebted poor countries (HIPC),HPC,16.3194654140975,14.0220583148802,9.87469516567002,9.51117709290383,9.17278865317806,8.85926290595959,8.57185062864633,8.31265140917081,8.08279458119411,7.87969054715466,..,..
"Death rate, crude (per 1,000 people)",SP.DYN.CDRT.IN,High income,HIC,8.71801907434716,8.44791784811651,8.27130844657284,8.32035228330821,8.44156278403205,8.46422311283594,8.40140992760976,8.69296554682205,8.64784893031448,8.76964591422341,..,..
"Death rate, crude (per 1,000 people)",SP.DYN.CDRT.IN,IBRD only,IBD,8.28041333642575,7.63309875193141,7.33461816367798,7.26692574413733,7.22743606567003,7.18873953445252,7.17235449399803,7.15300158145109,7.13824768426677,7.15406669430748,..,..
"Death rate, crude (per 1,000 people)",SP.DYN.CDRT.IN,IDA & IBRD total,IBT,9.36426234003133,8.57279074816756,7.77302534378228,7.66669127644175,7.58541994838605,7.50682031364516,7.44960267490279,7.39279567117257,7.3433397344658,7.32117970102247,..,..
"Death rate, crude (per 1,000 people)",SP.DYN.CDRT.IN,IDA blend,IDB,13.0860186392721,12.5289655556045,10.08111505694,9.83715713860885,9.6112069789932,9.39307810299676,9.20102770663534,9.01917866071872,8.8554158245328,8.71549237853037,..,..
"Death rate, crude (per 1,000 people)",SP.DYN.CDRT.IN,IDA only,IDX,14.2169180324789,11.766982720293,8.7314656474108,8.48155484617038,8.25147489789623,8.03546963136862,7.83874278173781,7.65786550033485,7.49569118670857,7.35218480328512,..,..
"Death rate, crude (per 1,000 people)",SP.DYN.CDRT.IN,IDA total,IDA,13.8336886212728,12.0243381899303,9.18641087221912,8.93904437926049,8.71079575175251,8.49450172344863,8.29979901796876,8.11886498852794,7.95635187310397,7.81415354173056,..,..
"Death rate, crude (per 1,000 people)",SP.DYN.CDRT.IN,Late-demographic dividend,LTE,7.14070492909406,7.21719814975855,7.4454714378896,7.41158203917546,7.41155421729041,7.39515036919959,7.40451451672426,7.386826774455,7.37286418297219,7.40523087675624,..,..
"Death rate, crude (per 1,000 people)",SP.DYN.CDRT.IN,Latin America & Caribbean,LCN,6.73514560495116,5.9664916129742,5.94153312382634,5.97478716317981,6.01304900202393,6.0551208085922,6.10424059299495,6.15093950185232,6.20764985193763,6.26180831343685,..,..
"Death rate, crude (per 1,000 people)",SP.DYN.CDRT.IN,Latin America & Caribbean (excluding high income),LAC,6.75497218246956,5.95364379159586,5.91818753529786,5.95069729739249,5.98892622592856,6.03160698358343,6.07874986893052,6.12856770852441,6.1812986214391,6.23581812265368,..,..
"Death rate, crude (per 1,000 people)",SP.DYN.CDRT.IN,Latin America & the Caribbean (IDA & IBRD countries),TLA,6.72372415464238,5.92806102458727,5.89233328045901,5.92316688460496,5.95952467598423,6.0002945561373,6.04575118339274,6.09366710977038,6.14489268120032,6.19816876097457,..,..
"Death rate, crude (per 1,000 people)",SP.DYN.CDRT.IN,Least developed countries: UN classification,LDC,14.9709335152143,12.2859660995456,8.95182594139215,8.66633566957195,8.40222820465856,8.15970116103234,7.93981450627827,7.74340784478716,7.57101947622315,7.41993203943948,..,..
"Death rate, crude (per 1,000 people)",SP.DYN.CDRT.IN,Low & middle income,LMY,9.34525558644299,8.57137905773234,7.76464818775571,7.65773992877887,7.57473278983367,7.4955638503865,7.44017711288338,7.37996753635578,7.33255469634019,7.30811119288324,..,..
"Death rate, crude (per 1,000 people)",SP.DYN.CDRT.IN,Low income,LIC,16.1177742429915,13.5202781974037,9.57821428477749,9.26497387635833,8.97473387903102,8.7047953497413,8.45406569248873,8.22361348040956,8.01482840067742,7.82646324890207,..,..
"Death rate, crude (per 1,000 people)",SP.DYN.CDRT.IN,Lower middle income,LMC,10.5989167177629,9.12215138540461,7.81773584723257,7.69038476734812,7.5889962764949,7.50144768971943,7.43188454059764,7.37797855570096,7.33323049832329,7.30323375754266,..,..
"Death rate, crude (per 1,000 people)",SP.DYN.CDRT.IN,Middle East & North Africa,MEA,7.11168295160298,5.53544410079814,5.05412601867331,5.03798410332275,5.02138810774578,5.00179570514822,4.98383234495222,4.96719513677753,4.94507578483836,4.92403605926632,..,..
"Death rate, crude (per 1,000 people)",SP.DYN.CDRT.IN,Middle East & North Africa (excluding high income),MNA,7.38560033133174,5.75214314112142,5.34891314538736,5.33868140671609,5.3273334861074,5.31291739790305,5.29531039489053,5.27495289521783,5.25181311619752,5.22746392450521,..,..
"Death rate, crude (per 1,000 people)",SP.DYN.CDRT.IN,Middle East & North Africa (IDA & IBRD countries),TMN,7.39147119762451,5.7653830716021,5.37006454785451,5.35990515981161,5.34860144201694,5.33419095727916,5.31656691050257,5.29616595466005,5.27298338005405,5.24851682254077,..,..
"Death rate, crude (per 1,000 people)",SP.DYN.CDRT.IN,Middle income,MIC,8.77359322769689,8.09912025697208,7.56283972990209,7.47642293906899,7.41470738087775,7.35556253872989,7.32125653035035,7.27966150279738,7.25028577573386,7.2446929523415,..,..
"Death rate, crude (per 1,000 people)",SP.DYN.CDRT.IN,North America,NAC,8.46993852014625,8.36260924204353,7.89633805849186,7.97615367617061,8.00193651847283,8.11334681910129,8.14305424127981,8.33565850237028,8.38304870580049,8.39886702952575,..,..
"Death rate, crude (per 1,000 people)",SP.DYN.CDRT.IN,Not classified,INX,..,..,..,..,..,..,..,..,..,..,..,..
"Death rate, crude (per 1,000 people)",SP.DYN.CDRT.IN,OECD members,OED,8.63504415870697,8.24675773889505,8.11361827614411,8.16140582209533,8.28112049006426,8.31019812940496,8.2501083182104,8.52662169573094,8.48526585998194,8.60395738617631,..,..
"Death rate, crude (per 1,000 people)",SP.DYN.CDRT.IN,Other small states,OSS,10.2247520174182,10.951808726818,9.19111097681868,8.82918958042645,8.51834361807712,8.21973065320793,7.96367701729033,7.72708185038248,7.55400445521914,7.39323700878054,..,..
"Death rate, crude (per 1,000 people)",SP.DYN.CDRT.IN,Pacific island small states,PSS,6.8680113499398,6.57940769399905,6.61349891187294,6.5257878185122,6.57630258291636,6.54362244209093,6.47975032648414,6.41108645823396,6.37757448733858,6.34055635525019,..,..
"Death rate, crude (per 1,000 people)",SP.DYN.CDRT.IN,Post-demographic dividend,PST,9.09475179494858,9.08381395632931,8.94643499946111,8.97048095260502,9.09399124946753,9.11972589032842,9.06507864883563,9.37555295829144,9.31965656042366,9.43669939575322,..,..
"Death rate, crude (per 1,000 people)",SP.DYN.CDRT.IN,Pre-demographic dividend,PRE,16.2529865193625,15.0132216217063,10.9905177909681,10.6155506883521,10.2596833667551,9.92315596929391,9.60883949184606,9.32013104770025,9.06070394304178,8.8300773313113,..,..
"Death rate, crude (per 1,000 people)",SP.DYN.CDRT.IN,Small states,SST,9.24770669243985,9.78843044691647,8.64926852447236,8.3856603487162,8.17165677030627,7.95689307086374,7.77184665768926,7.59731699775025,7.47313779689832,7.3575786594535,..,..
"Death rate, crude (per 1,000 people)",SP.DYN.CDRT.IN,South Asia,SAS,10.8287743740557,8.56050336232017,7.3248157812389,7.22691399189029,7.14509299404299,7.08115975371035,7.0364208027732,7.00988696013168,6.99955924611655,7.00087591599698,..,..
"Death rate, crude (per 1,000 people)",SP.DYN.CDRT.IN,South Asia (IDA & IBRD),TSA,10.8287743740557,8.56050336232017,7.3248157812389,7.22691399189029,7.14509299404299,7.08115975371035,7.0364208027732,7.00988696013168,6.99955924611655,7.00087591599698,..,..
"Death rate, crude (per 1,000 people)",SP.DYN.CDRT.IN,Sub-Saharan Africa,SSF,16.0219712479168,15.0049034063883,11.0142593555347,10.6031782970791,10.2198111298381,9.86557705528986,9.5432557438444,9.25483054584222,9.00273914359549,8.78185402850355,..,..
"Death rate, crude (per 1,000 people)",SP.DYN.CDRT.IN,Sub-Saharan Africa (excluding high income),SSA,16.0231068099604,15.0059040461035,11.0146327458767,10.6034429998087,10.2200824760556,9.86575501445106,9.54341069388423,9.25499524372193,9.00284125703461,8.78194364626846,..,..
"Death rate, crude (per 1,000 people)",SP.DYN.CDRT.IN,Sub-Saharan Africa (IDA & IBRD countries),TSS,16.0219712479168,15.0049034063883,11.0142593555347,10.6031782970791,10.2198111298381,9.86557705528986,9.5432557438444,9.25483054584221,9.00273914359549,8.78185402850355,..,..
"Death rate, crude (per 1,000 people)",SP.DYN.CDRT.IN,Upper middle income,UMC,7.11331292421367,7.09196277807729,7.28865167556445,7.24441870584715,7.22429000840372,7.19502997947504,7.19868291042434,7.16997021611683,7.15713026632856,7.17851816800574,..,..
"Death rate, crude (per 1,000 people)",SP.DYN.CDRT.IN,World,WLD,9.22586679140821,8.54962624245867,7.84936670496533,7.76776741657143,7.71783736674294,7.65453655924766,7.5970394391536,7.59301025112662,7.54476058797529,7.54240423884828,..,..
,,,,,,,,,,,,,,,
,,,,,,,,,,,,,,,
,,,,,,,,,,,,,,,
Data from database: World Development Indicators,,,,,,,,,,,,,,,
Last Updated: 03/18/2020,,,,,,,,,,,,,,,
